{"last_node_id":85,"last_link_id":200,"nodes":[{"id":38,"type":"CLIPLoader","pos":[60,190],"size":[320,82],"flags":{},"order":0,"mode":0,"inputs":[],"outputs":[{"name":"CLIP","type":"CLIP","links":[74,75],"slot_index":0}],"properties":{"Node name for S&R":"CLIPLoader"},"widgets_values":["t5xxl_fp16.safetensors","ltxv"]},{"id":69,"type":"LTXVConditioning","pos":[920,60],"size":[220,80],"flags":{},"order":12,"mode":0,"inputs":[{"name":"positive","type":"CONDITIONING","link":183},{"name":"negative","type":"CONDITIONING","link":184}],"outputs":[{"name":"positive","type":"CONDITIONING","links":[166],"slot_index":0},{"name":"negative","type":"CONDITIONING","links":[167],"slot_index":1}],"properties":{"Node name for S&R":"LTXVConditioning"},"widgets_values":[25]},{"id":44,"type":"CheckpointLoaderSimple","pos":[520,30],"size":[320,100],"flags":{},"order":1,"mode":0,"inputs":[],"outputs":[{"name":"MODEL","type":"MODEL","links":[181],"slot_index":0},{"name":"CLIP","type":"CLIP","links":null},{"name":"VAE","type":"VAE","links":[87,189],"slot_index":2}],"properties":{"Node name for S&R":"CheckpointLoaderSimple"},"widgets_values":["ltx-video-2b-v0.9.safetensors"]},{"id":71,"type":"LTXVScheduler","pos":[856,531],"size":[320,154],"flags":{},"order":13,"mode":0,"inputs":[{"name":"latent","type":"LATENT","link":185,"shape":7}],"outputs":[{"name":"SIGMAS","type":"SIGMAS","links":[182],"slot_index":0}],"properties":{"Node name for S&R":"LTXVScheduler"},"widgets_values":[30,2.05,0.95,true,0.1]},{"id":73,"type":"KSamplerSelect","pos":[860,420],"size":[320,60],"flags":{},"order":2,"mode":0,"inputs":[],"outputs":[{"name":"SAMPLER","type":"SAMPLER","links":[172]}],"properties":{"Node name for S&R":"KSamplerSelect"},"widgets_values":["euler"]},{"id":77,"type":"LTXVImgToVideo","pos":[863,181],"size":[320,214],"flags":{},"order":11,"mode":0,"inputs":[{"name":"positive","type":"CONDITIONING","link":187},{"name":"negative","type":"CONDITIONING","link":188},{"name":"vae","type":"VAE","link":189},{"name":"image","type":"IMAGE","link":200}],"outputs":[{"name":"positive","type":"CONDITIONING","links":[183],"slot_index":0},{"name":"negative","type":"CONDITIONING","links":[184],"slot_index":1},{"name":"latent","type":"LATENT","links":[185,186],"slot_index":2}],"properties":{"Node name for S&R":"LTXVImgToVideo"},"widgets_values":[768,512,97,1,0.15]},{"id":8,"type":"VAEDecode","pos":[1600,30],"size":[210,50],"flags":{},"order":15,"mode":0,"inputs":[{"name":"samples","type":"LATENT","link":171},{"name":"vae","type":"VAE","link":87}],"outputs":[{"name":"IMAGE","type":"IMAGE","links":[196],"slot_index":0}],"properties":{"Node name for S&R":"VAEDecode"},"widgets_values":[]},{"id":81,"type":"VHS_SelectFilename","pos":[334.72271728515625,899.986572265625],"size":[220,60],"flags":{},"order":9,"mode":0,"inputs":[{"name":"filenames","type":"VHS_FILENAMES","link":193}],"outputs":[{"name":"Filename","type":"STRING","links":[194],"slot_index":0}],"properties":{"Node name for S&R":"VHS_SelectFilename"},"widgets_values":{"index":-1}},{"id":80,"type":"VHS_VideoCombine","pos":[74.72300720214844,875.986572265625],"size":[220,310],"flags":{"collapsed":false},"order":8,"mode":0,"inputs":[{"name":"images","type":"IMAGE","link":192},{"name":"audio","type":"AUDIO","link":null,"shape":7},{"name":"meta_batch","type":"VHS_BatchManager","link":null,"shape":7},{"name":"vae","type":"VAE","link":null,"shape":7}],"outputs":[{"name":"Filenames","type":"VHS_FILENAMES","links":[193],"slot_index":0}],"properties":{"Node name for S&R":"VHS_VideoCombine"},"widgets_values":{"frame_rate":8,"loop_count":0,"filename_prefix":"AnimateDiff","format":"video/h265-mp4","pix_fmt":"yuv420p10le","crf":30,"save_metadata":false,"pingpong":false,"save_output":false,"videopreview":{"hidden":false,"paused":false,"params":{"filename":"AnimateDiff_00001.mp4","subfolder":"","type":"temp","format":"video/h265-mp4","frame_rate":8,"workflow":"AnimateDiff_00001.png"},"muted":false}}},{"id":82,"type":"VHS_LoadVideoPath","pos":[594.7232666015625,889.986572265625],"size":[240,238],"flags":{},"order":10,"mode":0,"inputs":[{"name":"meta_batch","type":"VHS_BatchManager","link":null,"shape":7},{"name":"vae","type":"VAE","link":null,"shape":7},{"name":"video","type":"STRING","link":194,"widget":{"name":"video"}}],"outputs":[{"name":"IMAGE","type":"IMAGE","links":[200],"slot_index":0},{"name":"frame_count","type":"INT","links":null},{"name":"audio","type":"AUDIO","links":null},{"name":"video_info","type":"VHS_VIDEOINFO","links":null}],"properties":{"Node name for S&R":"VHS_LoadVideoPath"},"widgets_values":{"video":"","force_rate":0,"force_size":"Disabled","custom_width":512,"custom_height":512,"frame_load_cap":0,"skip_first_frames":0,"select_every_nth":1,"videopreview":{"hidden":false,"paused":false,"params":{"force_rate":0,"frame_load_cap":0,"skip_first_frames":0,"select_every_nth":1},"muted":false}}},{"id":72,"type":"SamplerCustom","pos":[1201,32],"size":[360,230],"flags":{},"order":14,"mode":0,"inputs":[{"name":"model","type":"MODEL","link":181},{"name":"positive","type":"CONDITIONING","link":166},{"name":"negative","type":"CONDITIONING","link":167},{"name":"sampler","type":"SAMPLER","link":172},{"name":"sigmas","type":"SIGMAS","link":182},{"name":"latent_image","type":"LATENT","link":186}],"outputs":[{"name":"output","type":"LATENT","links":[171],"slot_index":0},{"name":"denoised_output","type":"LATENT","links":null}],"properties":{"Node name for S&R":"SamplerCustom"},"widgets_values":[true,605054563972410,"fixed",3]},{"id":78,"type":"LoadImage","pos":[-452.0301818847656,791.0235595703125],"size":[390,330],"flags":{},"order":3,"mode":0,"inputs":[],"outputs":[{"name":"IMAGE","type":"IMAGE","links":[192],"slot_index":0},{"name":"MASK","type":"MASK","links":null}],"properties":{"Node name for S&R":"LoadImage"},"widgets_values":["ER.png","image"]},{"id":83,"type":"VHS_VideoCombine","pos":[1262.9866943359375,680.9092407226562],"size":[600,310],"flags":{},"order":16,"mode":0,"inputs":[{"name":"images","type":"IMAGE","link":196},{"name":"audio","type":"AUDIO","link":null,"shape":7},{"name":"meta_batch","type":"VHS_BatchManager","link":null,"shape":7},{"name":"vae","type":"VAE","link":null,"shape":7}],"outputs":[{"name":"Filenames","type":"VHS_FILENAMES","links":null}],"properties":{"Node name for S&R":"VHS_VideoCombine"},"widgets_values":{"frame_rate":25,"loop_count":0,"filename_prefix":"AnimateDiff","format":"video/h264-mp4","pix_fmt":"yuv420p","crf":19,"save_metadata":true,"pingpong":false,"save_output":false,"videopreview":{"hidden":false,"paused":false,"params":{"filename":"AnimateDiff_00004.mp4","subfolder":"","type":"temp","format":"video/h264-mp4","frame_rate":25,"workflow":"AnimateDiff_00004.png"},"muted":false}}},{"id":7,"type":"CLIPTextEncode","pos":[244,402],"size":[430,180],"flags":{},"order":7,"mode":0,"inputs":[{"name":"clip","type":"CLIP","link":75}],"outputs":[{"name":"CONDITIONING","type":"CONDITIONING","links":[188],"slot_index":0}],"title":"CLIP Text Encode (Negative Prompt)","properties":{"Node name for S&R":"CLIPTextEncode"},"widgets_values":["low quality, worst quality, deformed, distorted, disfigured, motion smear, motion artifacts, fused fingers, bad anatomy, weird eyes, ugly"],"color":"#322","bgcolor":"#533"},{"id":6,"type":"CLIPTextEncode","pos":[420,190],"size":[420,160],"flags":{},"order":6,"mode":0,"inputs":[{"name":"clip","type":"CLIP","link":74}],"outputs":[{"name":"CONDITIONING","type":"CONDITIONING","links":[187],"slot_index":0}],"title":"CLIP Text Encode (Positive Prompt)","properties":{"Node name for S&R":"CLIPTextEncode"},"widgets_values":["A beautiful 33 years old woman looks down and to her right, then back up as she speaks; she has copper-red hair, dark green eyes, and is tailored suits in sexy dark shades and the wind moves her hair;  the camera remains stationary on her face as she speaks; the background is out of focus, but shows the skyline seen from a luxury penthouse; the scene is captured in real-life footage with sunset lights."],"color":"#232","bgcolor":"#353"},{"id":76,"type":"Note","pos":[-127,373],"size":[360,200],"flags":{},"order":4,"mode":0,"inputs":[],"outputs":[],"properties":{},"widgets_values":["Questo LLM ha bisogno di prompt descrittivi lunghi e dettagliati; se il prompt è troppo breve, la qualità ne risentirà molto."],"color":"#432","bgcolor":"#653"},{"id":85,"type":"Note","pos":[-505.64007568359375,251.23109436035156],"size":[331.0604553222656,324.5623474121094],"flags":{},"order":5,"mode":0,"inputs":[],"outputs":[],"title":"Leggimi Subito","properties":{},"widgets_values":["01 - Il primo passo, appena caricato il workflow è SEMPRE quello di aggiornare ComfyUI ed installare eventuali nodi mancanti via Comfy Manager.\n\n---\n\n02 - Scaricare il modello LTX da\n\nhttps://huggingface.co/Lightricks/LTX-Video/blob/main/ltx-video-2b-v0.9.safetensors\n\ne metterlo in ComfyUI > models > checkpoints.\n\n---\n\n03 - Scaricare il modello\n\nT5XXL text encoder da https://huggingface.co/Comfy-Org/stable-diffusion-3.5-fp8/blob/main/text_encoders/t5xxl_fp16.safetensors\n\ne metterlo in ComfyUI > models > clips.\n\n"],"color":"#322","bgcolor":"#533"}],"links":[[74,38,0,6,0,"CLIP"],[75,38,0,7,0,"CLIP"],[87,44,2,8,1,"VAE"],[166,69,0,72,1,"CONDITIONING"],[167,69,1,72,2,"CONDITIONING"],[171,72,0,8,0,"LATENT"],[172,73,0,72,3,"SAMPLER"],[181,44,0,72,0,"MODEL"],[182,71,0,72,4,"SIGMAS"],[183,77,0,69,0,"CONDITIONING"],[184,77,1,69,1,"CONDITIONING"],[185,77,2,71,0,"LATENT"],[186,77,2,72,5,"LATENT"],[187,6,0,77,0,"CONDITIONING"],[188,7,0,77,1,"CONDITIONING"],[189,44,2,77,2,"VAE"],[192,78,0,80,0,"IMAGE"],[193,80,0,81,0,"VHS_FILENAMES"],[194,81,0,82,2,"STRING"],[196,8,0,83,0,"IMAGE"],[200,82,0,77,3,"IMAGE"]],"groups":[{"id":0,"title":"Add noise","bounding":[64.72300720214844,802.3865966796875,780.000244140625,393.6000061035156],"color":"#3f789e","font_size":24,"flags":{}},{"id":2,"title":"Group","bounding":[-462.0301818847656,717.423583984375,405.15606689453125,416.9305725097656],"color":"#3f789e","font_size":24,"flags":{}}],"config":{},"extra":{"ds":{"scale":0.5054470284992999,"offset":[1187.5611962673186,201.7597695428263]}},"version":0.4}