{"last_node_id":79,"last_link_id":183,"nodes":[{"id":38,"type":"CLIPLoader","pos":[60,190],"size":[315,82],"flags":{},"order":0,"mode":0,"inputs":[],"outputs":[{"name":"CLIP","type":"CLIP","links":[74,75],"slot_index":0}],"properties":{"Node name for S&R":"CLIPLoader"},"widgets_values":["t5xxl_fp16.safetensors","ltxv"]},{"id":69,"type":"LTXVConditioning","pos":[920,60],"size":[223.8660125732422,78],"flags":{},"order":9,"mode":0,"inputs":[{"name":"positive","type":"CONDITIONING","link":169},{"name":"negative","type":"CONDITIONING","link":170}],"outputs":[{"name":"positive","type":"CONDITIONING","links":[166],"slot_index":0},{"name":"negative","type":"CONDITIONING","links":[167],"slot_index":1}],"properties":{"Node name for S&R":"LTXVConditioning"},"widgets_values":[25]},{"id":44,"type":"CheckpointLoaderSimple","pos":[520,30],"size":[315,98],"flags":{},"order":1,"mode":0,"inputs":[],"outputs":[{"name":"MODEL","type":"MODEL","links":[181],"slot_index":0},{"name":"CLIP","type":"CLIP","links":null},{"name":"VAE","type":"VAE","links":[87],"slot_index":2}],"properties":{"Node name for S&R":"CheckpointLoaderSimple"},"widgets_values":["ltx-video-2b-v0.9.safetensors"]},{"id":70,"type":"EmptyLTXVLatentVideo","pos":[860,240],"size":[315,130],"flags":{},"order":2,"mode":0,"inputs":[],"outputs":[{"name":"LATENT","type":"LATENT","links":[168,175],"slot_index":0}],"properties":{"Node name for S&R":"EmptyLTXVLatentVideo"},"widgets_values":[768,512,97,1]},{"id":71,"type":"LTXVScheduler","pos":[856,531],"size":[315,154],"flags":{},"order":8,"mode":0,"inputs":[{"name":"latent","type":"LATENT","link":168,"shape":7}],"outputs":[{"name":"SIGMAS","type":"SIGMAS","links":[182],"slot_index":0}],"properties":{"Node name for S&R":"LTXVScheduler"},"widgets_values":[30,2.05,0.95,true,0.1]},{"id":7,"type":"CLIPTextEncode","pos":[420,390],"size":[425.27801513671875,180.6060791015625],"flags":{},"order":7,"mode":0,"inputs":[{"name":"clip","type":"CLIP","link":75}],"outputs":[{"name":"CONDITIONING","type":"CONDITIONING","links":[170],"slot_index":0}],"title":"CLIP Text Encode (Negative Prompt)","properties":{"Node name for S&R":"CLIPTextEncode"},"widgets_values":["low quality, worst quality, deformed, distorted, disfigured, motion smear, motion artifacts, fused fingers, bad anatomy, weird hand, ugly"],"color":"#322","bgcolor":"#533"},{"id":73,"type":"KSamplerSelect","pos":[860,420],"size":[315,58],"flags":{},"order":3,"mode":0,"inputs":[],"outputs":[{"name":"SAMPLER","type":"SAMPLER","links":[172]}],"properties":{"Node name for S&R":"KSamplerSelect"},"widgets_values":["euler"]},{"id":72,"type":"SamplerCustom","pos":[1201,32],"size":[355.20001220703125,230],"flags":{},"order":10,"mode":0,"inputs":[{"name":"model","type":"MODEL","link":181},{"name":"positive","type":"CONDITIONING","link":166},{"name":"negative","type":"CONDITIONING","link":167},{"name":"sampler","type":"SAMPLER","link":172},{"name":"sigmas","type":"SIGMAS","link":182},{"name":"latent_image","type":"LATENT","link":175}],"outputs":[{"name":"output","type":"LATENT","links":[171],"slot_index":0},{"name":"denoised_output","type":"LATENT","links":null}],"properties":{"Node name for S&R":"SamplerCustom"},"widgets_values":[true,497797676867141,"fixed",3]},{"id":8,"type":"VAEDecode","pos":[1600,30],"size":[210,46],"flags":{},"order":11,"mode":0,"inputs":[{"name":"samples","type":"LATENT","link":171},{"name":"vae","type":"VAE","link":87}],"outputs":[{"name":"IMAGE","type":"IMAGE","links":[183],"slot_index":0}],"properties":{"Node name for S&R":"VAEDecode"},"widgets_values":[]},{"id":6,"type":"CLIPTextEncode","pos":[420,190],"size":[422.84503173828125,164.31304931640625],"flags":{},"order":6,"mode":0,"inputs":[{"name":"clip","type":"CLIP","link":74}],"outputs":[{"name":"CONDITIONING","type":"CONDITIONING","links":[169],"slot_index":0}],"title":"CLIP Text Encode (Positive Prompt)","properties":{"Node name for S&R":"CLIPTextEncode"},"widgets_values":["A woman with light skin, wearing a blue jacket and a black hat with a veil, looks down and to her right, then back up as she speaks; she has brown hair styled in an updo, light brown eyebrows, and is wearing a white collared shirt under her jacket; the camera remains stationary on her face as she speaks; the background is out of focus, but shows trees and people in period clothing; the scene is captured in real-life footage."],"color":"#232","bgcolor":"#353"},{"id":76,"type":"Note","pos":[40,350],"size":[360,200],"flags":{},"order":4,"mode":0,"inputs":[],"outputs":[],"properties":{},"widgets_values":["Questo modello ha bisogno di prompt descrittivi lunghi e dettagliati; se il prompt è troppo breve, la qualità ne risentirà molto."],"color":"#432","bgcolor":"#653"},{"id":79,"type":"Note","pos":[-328.5462951660156,212.77822875976562],"size":[326.2701110839844,316.1912536621094],"flags":{},"order":5,"mode":0,"inputs":[],"outputs":[],"properties":{},"widgets_values":["01 - Il primo passo, appena caricato il workflow è SEMPRE quello di aggiornare ComfyUI ed installare eventuali nodi mancanti via Comfy Manager.\n\n---\n\n02 - Scaricare il modello LTX da\n\nhttps://huggingface.co/Lightricks/LTX-Video/blob/main/ltx-video-2b-v0.9.safetensors\n\ne metterlo in ComfyUI > models > checkpoints.\n\n---\n\n03 - Scaricare il modello\n\nT5XXL text encoder da https://huggingface.co/Comfy-Org/stable-diffusion-3.5-fp8/blob/main/text_encoders/t5xxl_fp16.safetensors\n\ne metterlo in ComfyUI > models > clips.\n\n"],"color":"#322","bgcolor":"#533"},{"id":77,"type":"VHS_VideoCombine","pos":[1847,42],"size":[317.2720947265625,318.72039794921875],"flags":{},"order":12,"mode":0,"inputs":[{"name":"images","type":"IMAGE","link":183},{"name":"audio","type":"AUDIO","link":null,"shape":7},{"name":"meta_batch","type":"VHS_BatchManager","link":null,"shape":7},{"name":"vae","type":"VAE","link":null,"shape":7}],"outputs":[{"name":"Filenames","type":"VHS_FILENAMES","links":null}],"properties":{"Node name for S&R":"VHS_VideoCombine"},"widgets_values":{"frame_rate":25,"loop_count":0,"filename_prefix":"LTX","format":"video/h264-mp4","pix_fmt":"yuv420p","crf":19,"save_metadata":true,"pingpong":false,"save_output":false,"videopreview":{"hidden":false,"paused":false,"params":{"filename":"AnimateDiff_00016.mp4","subfolder":"","type":"temp","format":"video/h264-mp4","frame_rate":25},"muted":false}}}],"links":[[74,38,0,6,0,"CLIP"],[75,38,0,7,0,"CLIP"],[87,44,2,8,1,"VAE"],[166,69,0,72,1,"CONDITIONING"],[167,69,1,72,2,"CONDITIONING"],[168,70,0,71,0,"LATENT"],[169,6,0,69,0,"CONDITIONING"],[170,7,0,69,1,"CONDITIONING"],[171,72,0,8,0,"LATENT"],[172,73,0,72,3,"SAMPLER"],[175,70,0,72,5,"LATENT"],[181,44,0,72,0,"MODEL"],[182,71,0,72,4,"SIGMAS"],[183,8,0,77,0,"IMAGE"]],"groups":[],"config":{},"extra":{"ds":{"scale":0.6115909044841537,"offset":[234.41244078198548,353.4574801105352]}},"version":0.4}