{
  "3": {
    "inputs": {
      "seed": 280823642470253,
      "steps": 3,
      "cfg": 1.5,
      "sampler_name": "lcm",
      "scheduler": "normal",
      "denoise": 0.33,
      "model": [
        "18",
        0
      ],
      "positive": [
        "6",
        0
      ],
      "negative": [
        "7",
        0
      ],
      "latent_image": [
        "12",
        0
      ]
    },
    "class_type": "KSampler",
    "_meta": {
      "title": "KSampler"
    }
  },
  "6": {
    "inputs": {
      "text": "van gogh",
      "clip": [
        "18",
        1
      ]
    },
    "class_type": "CLIPTextEncode",
    "_meta": {
      "title": "CLIP Text Encode (Prompt)"
    }
  },
  "7": {
    "inputs": {
      "text": "watermark, text, ugly, deformed\n",
      "clip": [
        "18",
        1
      ]
    },
    "class_type": "CLIPTextEncode",
    "_meta": {
      "title": "CLIP Text Encode (Prompt)"
    }
  },
  "8": {
    "inputs": {
      "samples": [
        "3",
        0
      ],
      "vae": [
        "20",
        0
      ]
    },
    "class_type": "VAEDecode",
    "_meta": {
      "title": "VAE Decode"
    }
  },
  "12": {
    "inputs": {
      "pixels": [
        "15",
        0
      ],
      "vae": [
        "20",
        0
      ]
    },
    "class_type": "VAEEncode",
    "_meta": {
      "title": "VAE Encode"
    }
  },
  "14": {
    "inputs": {
      "ckpt_name": "dreamshaper_8.safetensors"
    },
    "class_type": "CheckpointLoaderSimple",
    "_meta": {
      "title": "Load Checkpoint"
    }
  },
  "15": {
    "inputs": {
      "image": ""
    },
    "class_type": "ETN_LoadImageBase64",
    "_meta": {
      "title": "Load Image (Base64)"
    }
  },
  "16": {
    "inputs": {
      "images": [
        "8",
        0
      ]
    },
    "class_type": "ETN_SendImageWebSocket",
    "_meta": {
      "title": "Send Image (WebSocket)"
    }
  },
  "18": {
    "inputs": {
      "lora_name": "pytorch_lora_weights.safetensors",
      "strength_model": 1,
      "strength_clip": 1,
      "model": [
        "14",
        0
      ],
      "clip": [
        "14",
        1
      ]
    },
    "class_type": "LoraLoader",
    "_meta": {
      "title": "Load LoRA"
    }
  },
  "20": {
    "inputs": {
      "vae_name": "vae-ft-mse-840000-ema-pruned.safetensors"
    },
    "class_type": "VAELoader",
    "_meta": {
      "title": "Load VAE"
    }
  }
}